{
  "results": [
    {
      "command": "abricate --db card contigs.fasta > /dev/null",
      "mean": 2.24591829654,
      "stddev": 0.05230846648352048,
      "median": 2.24175506774,
      "user": 0.28547749999999994,
      "system": 0.057690580000000005,
      "min": 2.17483333824,
      "max": 2.33999450424,
      "times": [
        2.2482640052400003,
        2.20122129624,
        2.26526121324,
        2.17483333824,
        2.31554333824,
        2.20632933824,
        2.26478196324,
        2.23524613024,
        2.33999450424,
        2.20770783824
      ],
      "exit_codes": [
        0,
        0,
        0,
        0,
        0,
        0,
        0,
        0,
        0,
        0
      ]
    }
  ]
}
