command,mean,stddev,median,user,system,min,max
abricate --db card contigs.fasta > /dev/null,2.24591829654,0.05230846648352048,2.24175506774,0.28547749999999994,0.057690580000000005,2.17483333824,2.33999450424
